Query,Standard Deviation,Average Response Time (µs)
1,455.29134775455793,167.94025900000003
2,666.4142711791994,174.46232
3,304.4384609513533,154.47953700000002
4,708.0055615602395,147.993922
5,569.790384854161,165.20659600000002
6,1140.930043362622,193.982717
