Query,Standard Deviation,Average Response Time (µs)
1,502.4675766911468,188.55866899999998
2,714.056867697302,199.373822
3,327.4999699339956,171.85429499999998
4,765.0751415901336,148.894957
5,586.7838771878025,199.17685200000003
6,1151.4332822829692,204.21158099999997
