Query,Standard Deviation,Average Response Time (µs)
1,1021.8469460254316,621.749431
2,1696.8372225228761,6822.116324999999
3,442.0332691566583,548.369208
4,1591.791414910929,5377.965539
5,1862.2910190065293,13181.717336
6,11577.180143793226,1228.2516939999998
