Query,Standard Deviation,Average Response Time (µs)
1,372.10849669409134,563.2711240000001
2,1045.3580915526225,9025.201532
3,265.1827513064777,534.1170989999999
4,570.1092606254217,6260.284845
5,963.7511405913201,16657.897834
6,183.59907351504813,896.465866
