Query,Standard Deviation,Average Response Time (µs)
1,1729.5228515393198,257.07741200000004
2,2076.2655043178866,286.620883
3,998.9801427214893,216.96593900000002
4,981.9871097505494,168.004663
5,934.9876923654055,220.96343799999997
6,1602.326979352869,243.38695899999996
