Query,Standard Deviation,Average Response Time (µs)
1,825.7099716383515,572.968122
2,1636.0362035183643,6799.115585
3,429.8651566022375,552.0088030000001
4,1660.3611810857524,5295.346132
5,1907.4611416247194,13125.659206
6,11716.575667165085,1164.530719
