Query,Standard Deviation,Average Response Time (µs)
1,493.5845530800355,176.97316600000002
2,715.2841363777013,176.112456
3,303.7541019766964,150.377918
4,655.0374792072903,139.884833
5,596.0655614277698,166.250204
6,1157.8799591817663,186.797323
