Query,Standard Deviation,Average Response Time (µs)
1,36.50754452632484,142.728847
2,28.925342738892756,142.20067200000003
3,30.240685186870746,134.776976
4,57.09346549604986,117.393442
5,35.38182912960797,135.876215
6,63.694389511859825,144.79455900000002
