Query,Standard Deviation,Average Response Time (µs)
1,169.82638243878085,528.542788
2,1252.3242855077956,9386.467689
3,249.22152955414475,553.0079129999999
4,815.4726304234375,6308.465113
5,991.9804786343547,16727.613918
6,445.58536372528926,1265.7092769999997
