Query,Standard Deviation,Average Response Time (µs)
1,55.873509785156365,159.505494
2,109.08643944706071,163.064234
3,55.838477208338325,150.886391
4,39.10898861515721,115.408748
5,60.8461129079319,163.944802
6,36.7312433856312,151.281782
