Query,Standard Deviation,Average Response Time (µs)
1,174.66971156199324,542.171967
2,914.8908368809596,9018.040401999999
3,508.35028506167146,576.4141880000001
4,522.2382244820544,6208.116767
5,919.6167012090029,16960.532731
6,374.712618515293,846.9505670000001
