Query,Standard Deviation,Average Response Time (µs)
1,119.31996774759831,164.05291
2,67.29213962577498,168.388802
3,48.82818359614814,148.408043
4,24.043354460874028,114.353613
5,28.170934614670916,157.02445600000001
6,27.155726122293913,152.16634200000001
