Query,Standard Deviation,Average Response Time (µs)
1,427.42704798782586,581.1499010000001
2,1250.5484642695897,9580.651996999999
3,509.23524396497066,555.0366640000001
4,800.0473416899894,6491.539403
5,1132.280488133893,17270.711349
6,221.3133400781943,1144.9822479999998
