Query,Standard Deviation,Average Response Time (µs)
1,980.4232789611423,644.62091
2,1582.4154694741603,6900.171665
3,402.2872620506148,546.928772
4,1686.756588015089,5290.736831
5,1869.7468678900188,13189.535791999999
6,11702.893408127053,1470.086502
