Query,Standard Deviation,Average Response Time (µs)
1,1673.6468937840023,628.660051
2,3478.6793998519015,6949.819036
3,1093.730035735843,565.639086
4,2094.0351051914236,5308.2615479999995
5,2151.0434224403134,13035.236013
6,12163.406334651998,1579.916273
