Query,Standard Deviation,Average Response Time (µs)
1,84.94411694825321,155.222809
2,175.90932558595185,151.494051
3,44.73060685752538,137.488252
4,66.89207255210235,117.848174
5,51.39670933535873,140.101657
6,27.871691314213404,139.53089899999998
