Query,Standard Deviation,Average Response Time (µs)
1,1091.8476086482774,232.03198099999997
2,450.7488069099051,193.60837700000002
3,601.0705663774864,226.095723
4,943.1694661003615,247.71952800000003
5,970.9316812314007,211.524376
6,820.5135074990521,203.724212
7,1572.983334729403,242.65357
8,8229.201528033653,465.2680589999999
9,5110.956357572198,379.9256039999999
