Query,Standard Deviation,Average Response Time (µs)
1,228.86719948783391,285.415071
2,1608.1044962586598,351.556058
3,847.9594805983662,348.40253500000006
4,454.6419638390593,376.416116
5,1117.8113764078132,321.1350040000001
6,178.59921943344378,251.18418599999998
7,620.5122125563784,254.232277
8,3330.0260377875275,432.8203429999999
9,159.40755923157207,265.683293
