Query,Standard Deviation,Average Response Time (µs)
1,72.66992808640654,181.89015
2,42.53893050436487,166.706604
3,87.21875957733015,188.501359
4,57.33124529567833,189.940569
5,21.067004521616997,166.93073700000002
6,48.13956886325672,162.361042
7,48.24763519378234,174.68123599999998
8,24.971136721934766,169.977479
9,105.23592753251583,191.148226
