Query,Standard Deviation,Average Response Time (µs)
1,830.0890758007805,216.211128
2,397.44171240882247,183.66657
3,339.3837167758817,198.07045399999998
4,439.5810648472919,207.370342
5,574.6315300239486,198.82415400000002
6,441.6241405235858,181.78096500000004
7,809.8454455710249,205.96650300000002
8,5344.1754363484015,357.57341199999996
9,4215.190016486128,335.97979499999997
