Query,Standard Deviation,Average Response Time (µs)
1,562.3731352264286,230.721999
2,328.47510501813133,206.416831
3,329.8950325156279,213.003202
4,348.26906450894774,222.773357
5,651.4357028136834,221.99538
6,399.220360304522,208.96744
7,529.2410523206933,201.657722
8,1163.23964424543,243.89615499999996
9,1036.612494792396,229.929794
