Query,Standard Deviation,Average Response Time (µs)
1,47.23604231832112,181.548424
2,121.38371765330972,162.18982799999998
3,132.14220133972063,187.195356
4,53.046584875660976,182.618464
5,46.7715181950809,166.45509600000003
6,24.459973478082738,154.56631699999997
7,49.913082186944045,167.606463
8,29.01100881809385,161.463941
9,52.82315364203686,193.969887
