Query,Standard Deviation,Average Response Time (µs)
1,1160.622735748847,309.26876899999996
2,1616.9347094005748,325.74969699999997
3,1135.8287029209753,317.95119200000005
4,928.9937536204094,296.466858
5,1775.0194106149127,347.86675099999997
6,748.7460334149492,266.40497100000005
7,1421.3499042510584,281.09331799999995
8,4077.155288357827,496.40520799999996
9,2229.1089611673706,317.630772
