Query,Standard Deviation,Average Response Time (µs)
1,98.78923616499652,208.88911199999998
2,87.22188568570655,201.432744
3,77.93771784114223,203.62095000000002
4,178.75578090443798,215.990258
5,156.83707830555002,209.02431900000002
6,52.194421138276596,186.94143499999998
7,41.29804476088324,182.987422
8,129.15478861947642,218.37923100000003
9,168.70048682323124,196.973972
