Query,Standard Deviation,Average Response Time (µs)
1,120.18649925496253,184.855836
2,18.19321691535513,159.66809400000002
3,58.89177326931085,185.424922
4,54.85441376621688,182.72597399999998
5,34.42036174150119,165.875649
6,24.307684034296564,156.714798
7,53.67266643260824,174.629563
8,100.36048910835386,166.486228
9,134.68904653442726,199.517891
