Query,Standard Deviation,Average Response Time (µs)
1,331.41846476150505,404.520795
2,16806.0296809308,1475.684341
3,267.0758582610015,443.680462
4,388.95548016303735,558.485584
5,225.8366291376442,434.031381
6,208.12133216289988,373.210083
7,276.00776865685776,366.938864
8,263.20862646405374,398.38088500000003
9,211.78744543490248,361.858453
