Query,Standard Deviation,Average Response Time (µs)
1,305.99409440170393,206.553533
2,205.13638401630172,181.85189799999998
3,325.59406512360744,215.57924300000002
4,443.7458002254557,213.304504
5,865.4952346877376,207.98439100000002
6,463.4196068953559,183.89493099999999
7,797.3141160660729,208.15043
8,5188.547002476701,349.796644
9,4083.907521719861,339.41970299999997
