Query,Standard Deviation,Average Response Time (µs)
1,84256.83512041309,2859.755549
2,1859.4459838536936,234.76944799999998
3,238.41482586756376,179.614185
4,310.22905419230045,187.087041
5,499.31477544574165,182.31537099999997
6,1199.9029869316676,218.419504
7,464.78080871737734,175.901472
8,852.1392875076606,202.844628
9,844.21098052647,191.56026299999996
