Query,Standard Deviation,Average Response Time (µs)
1,84941.19154618034,2910.312511
2,1761.4909856379952,263.362056
3,162.5075994507384,223.597963
4,185.68427042244477,233.94341999999997
5,128.236831241375,201.98915199999996
6,969.1928145758701,230.577065
7,90.55152963982349,192.575487
8,113.14459386075535,211.39741800000002
9,86.58548548196123,192.56999100000002
