Query,Standard Deviation,Average Response Time (µs)
1,61.94176185379411,188.28018400000002
2,143.8221491079048,172.32164
3,53.3354486795158,195.044644
4,56.777789508483124,201.106628
5,49.232723371187824,176.482064
6,33.787306065738655,163.85419
7,57.287547055204506,179.176723
8,57.59970580152641,173.027098
9,161.93089267159,218.83679999999998
