Query,Standard Deviation,Average Response Time (µs)
1,295.59712797763217,204.418558
2,201.55344567485508,180.49944299999996
3,332.6617906069618,211.062456
4,490.64944882324164,212.696072
5,457.6945908935985,191.788756
6,433.93632612371886,180.15630099999998
7,761.8768650418731,211.223771
8,4799.814625681179,337.1667709999999
9,3681.9276935556004,323.244655
