Query,Standard Deviation,Average Response Time (µs)
1,331.61979623317427,183.26871899999998
2,246.56557619002825,176.64028699999997
3,264.5393927214437,173.920151
4,270.64038375670094,174.874425
5,474.83487436811515,190.930952
6,307.48196516646703,175.31658700000003
7,471.5633533998176,184.723972
8,818.3533803658412,223.62592999999998
9,750.4684183646777,191.782253
